{"count":1,"self":375.6304896,"total":3386.6015041,"children":{"InitializeActuators":{"count":9,"self":0.0010539,"total":0.0010539,"children":null},"InitializeSensors":{"count":9,"self":0.0031538,"total":0.0031538,"children":null},"AgentSendState":{"count":263434,"self":343.1729408,"total":392.9665887,"children":{"CollectObservations":{"count":2370906,"self":4.3793628,"total":4.3793627,"children":null},"WriteActionMask":{"count":2370906,"self":1.8981203999999998,"total":1.8981203999999998,"children":null},"RequestDecision":{"count":2370906,"self":7.2196944,"total":43.5161545,"children":{"AgentInfo.ToProto":{"count":2370906,"self":6.2924104,"total":36.2964602,"children":{"GenerateSensorData":{"count":2370906,"self":22.494964799999998,"total":30.004049799999997,"children":{"RayPerceptionSensor.Perceive":{"count":2370906,"self":7.5090847999999992,"total":7.5090851,"children":null}}}}}}}}},"DecideAction":{"count":263434,"self":2609.0799104,"total":2609.0798176,"children":null},"AgentAct":{"count":263434,"self":8.8741656,"total":8.9158897,"children":{"AgentInfo.ToProto":{"count":1989,"self":0.0063665,"total":0.0417239,"children":{"GenerateSensorData":{"count":1989,"self":0.0278232,"total":0.0353574,"children":{"RayPerceptionSensor.Perceive":{"count":1989,"self":0.0075342,"total":0.0075342,"children":null}}}}}}},"AgentInfo.ToProto":{"count":246,"self":0,"total":0.0039572999999999995,"children":{"GenerateSensorData":{"count":246,"self":0.0037854,"total":0.0039572999999999995,"children":{"RayPerceptionSensor.Perceive":{"count":246,"self":0.0001719,"total":0.0001719,"children":null}}}}}},"gauges":{"Park.CumulativeReward":{"count":2235,"max":0.459883034,"min":-1.36555958,"runningAverage":0.169688627,"value":0.402797669,"weightedAverage":0.400207281}},"metadata":{"timer_format_version":"0.1.0","start_time_seconds":"1701800537","unity_version":"2022.3.12f1","command_line_arguments":"D:\\Unity\\2022.3.12f1\\Editor\\Unity.exe -projectpath D:\\Unity\\RL-Unity-Project -useHub -hubIPC -cloudEnvironment production -licensingIpc LicenseClient-vajda -hubSessionId a920184d-82d0-4ce0-8f09-339727192557 -accessToken zYSgxlrzKDWC_6h4IS0CDm_ikRKoj-h2PzVk3r_Df-s007f","communication_protocol_version":"1.5.0","com.unity.ml-agents_version":"2.0.1","scene_name":"Parking (a) Lot","end_time_seconds":"1701803924"}}