{"count":1,"self":190.36043519999998,"total":860.31239859999994,"children":{"InitializeActuators":{"count":9,"self":0.0019935,"total":0.0019935,"children":null},"InitializeSensors":{"count":9,"self":0.0029920999999999997,"total":0.0029920999999999997,"children":null},"AgentSendState":{"count":30784,"self":108.6380032,"total":126.54972409999999,"children":{"CollectObservations":{"count":277056,"self":1.824562,"total":1.8245620999999999,"children":null},"WriteActionMask":{"count":277056,"self":0.61813639999999992,"total":0.61813639999999992,"children":null},"RequestDecision":{"count":277056,"self":2.6722783999999997,"total":15.4690207,"children":{"AgentInfo.ToProto":{"count":277056,"self":2.4096394,"total":12.7967424,"children":{"GenerateSensorData":{"count":277056,"self":8.041832,"total":10.387103,"children":{"RayPerceptionSensor.Perceive":{"count":277056,"self":2.3452707999999998,"total":2.3452707999999998,"children":null}}}}}}}}},"DecideAction":{"count":30784,"self":540.9936384,"total":540.9936177,"children":null},"AgentAct":{"count":30784,"self":2.3966594,"total":2.4016425999999997,"children":{"AgentInfo.ToProto":{"count":135,"self":0.00099669999999999989,"total":0.0049832,"children":{"GenerateSensorData":{"count":135,"self":0.0039865,"total":0.0039865,"children":{"RayPerceptionSensor.Perceive":{"count":135,"self":0,"total":0,"children":null}}}}}}}},"gauges":{"Park.CumulativeReward":{"count":135,"max":-291.1796,"min":-299.925049,"runningAverage":-294.717529,"value":-298.114563,"weightedAverage":-298.286255}},"metadata":{"timer_format_version":"0.1.0","start_time_seconds":"1701116310","unity_version":"2022.3.12f1","command_line_arguments":"C:\\Program Files\\Unity\\Hub\\Editor\\2022.3.12f1\\Editor\\Unity.exe -projectpath D:\\Work\\UNI\\RL\\PROJECT\\RL-Unity-Project -useHub -hubIPC -cloudEnvironment production -licensingIpc LicenseClient-Alex -hubSessionId 77116413-fbaa-4802-bf30-2324ed93b9d1 -accessToken vV1P0DtxakT7nYjOt2GskEyuoolVXc8UnFRuE2_ZiHY007f","communication_protocol_version":"1.5.0","com.unity.ml-agents_version":"2.0.1","scene_name":"Parking (a) Lot","end_time_seconds":"1701117170"}}