{"count":1,"self":7.7112191999999995,"total":27.0223005,"children":{"InitializeActuators":{"count":9,"self":0.0015057999999999998,"total":0.0015057999999999998,"children":null},"InitializeSensors":{"count":9,"self":0.0025096999999999997,"total":0.0025096999999999997,"children":null},"AgentSendState":{"count":2251,"self":3.6722344,"total":4.1599436,"children":{"CollectObservations":{"count":20259,"self":0.038817199999999996,"total":0.038817199999999996,"children":null},"WriteActionMask":{"count":20259,"self":0.020706699999999998,"total":0.020706699999999998,"children":null},"RequestDecision":{"count":20259,"self":0.0736433,"total":0.4281851,"children":{"AgentInfo.ToProto":{"count":20259,"self":0.0554749,"total":0.35454179999999996,"children":{"GenerateSensorData":{"count":20259,"self":0.2192458,"total":0.29906689999999997,"children":{"RayPerceptionSensor.Perceive":{"count":20259,"self":0.079821099999999992,"total":0.079821099999999992,"children":null}}}}}}}}},"DecideAction":{"count":2251,"self":15.0573824,"total":15.0573819,"children":null},"AgentAct":{"count":2251,"self":0.0887408,"total":0.0887408,"children":{"AgentInfo.ToProto":{"count":9,"self":0,"total":0,"children":{"GenerateSensorData":{"count":9,"self":0,"total":0,"children":{"RayPerceptionSensor.Perceive":{"count":9,"self":0,"total":0,"children":null}}}}}}}},"gauges":{"Park.CumulativeReward":{"count":9,"max":-292.963074,"min":-294.917053,"runningAverage":-293.848816,"value":-294.100159,"weightedAverage":-293.7388}},"metadata":{"timer_format_version":"0.1.0","start_time_seconds":"1701095066","unity_version":"2022.3.12f1","command_line_arguments":"D:\\Unity\\2022.3.12f1\\Editor\\Unity.exe -projectpath D:\\Unity\\RL-Unity-Project -useHub -hubIPC -cloudEnvironment production -licensingIpc LicenseClient-vajda -hubSessionId 759126f4-f423-47eb-82d0-03814fc08a93 -accessToken V_2aGl30xqrI_HiDjn7sWQVPsoSb_AFG4EO2sYRsiU4007f","communication_protocol_version":"1.5.0","com.unity.ml-agents_version":"2.0.1","scene_name":"Parking (a) Lot","end_time_seconds":"1701095092"}}