{"count":1,"self":193.8648576,"total":1232.3374932,"children":{"InitializeActuators":{"count":9,"self":0.0020017,"total":0.0020017,"children":null},"InitializeSensors":{"count":9,"self":0.0025258999999999998,"total":0.0025258999999999998,"children":null},"AgentSendState":{"count":84184,"self":121.1340544,"total":138.6206025,"children":{"CollectObservations":{"count":757656,"self":1.7541132,"total":1.7541130999999999,"children":null},"WriteActionMask":{"count":757656,"self":0.6338538,"total":0.6338538,"children":null},"RequestDecision":{"count":757656,"self":2.4401392,"total":15.098580199999999,"children":{"AgentInfo.ToProto":{"count":757656,"self":2.0558972,"total":12.658440899999999,"children":{"GenerateSensorData":{"count":757656,"self":7.8723871999999995,"total":10.602543599999999,"children":{"RayPerceptionSensor.Perceive":{"count":757656,"self":2.7301568,"total":2.7301568,"children":null}}}}}}}}},"DecideAction":{"count":84184,"self":896.7998464,"total":896.7998947,"children":null},"AgentAct":{"count":84184,"self":3.0305424,"total":3.0476106,"children":{"AgentInfo.ToProto":{"count":684,"self":0.0060284,"total":0.017068299999999998,"children":{"GenerateSensorData":{"count":684,"self":0.0090414,"total":0.0110399,"children":{"RayPerceptionSensor.Perceive":{"count":684,"self":0.0019985,"total":0.0019985,"children":null}}}}}}}},"gauges":{"Park.CumulativeReward":{"count":684,"max":-101.827644,"min":-103.767395,"runningAverage":-102.769241,"value":-102.047928,"weightedAverage":-102.047165}},"metadata":{"timer_format_version":"0.1.0","start_time_seconds":"1701271404","unity_version":"2022.3.12f1","command_line_arguments":"D:\\Unity\\2022.3.12f1\\Editor\\Unity.exe -projectpath D:\\Unity\\RL-Unity-Project -useHub -hubIPC -cloudEnvironment production -licensingIpc LicenseClient-vajda -hubSessionId 1541fbb2-c992-40f5-91cd-a9ff75cfedfd -accessToken qk5bNS5Ke2jHqDtwWxBLXzyf5szNm9tEnaBygGpgGVw007f","communication_protocol_version":"1.5.0","com.unity.ml-agents_version":"2.0.1","scene_name":"Parking (a) Lot","end_time_seconds":"1701272636"}}