{"count":1,"self":30.096736,"total":34.402107099999995,"children":{"InitializeActuators":{"count":9,"self":0.0019952999999999998,"total":0.0019952999999999998,"children":null},"InitializeSensors":{"count":9,"self":0.0029598,"total":0.0029598,"children":null},"AgentSendState":{"count":1405,"self":3.9429491999999997,"total":4.1767234,"children":{"CollectObservations":{"count":12645,"self":0.065976899999999991,"total":0.065976899999999991,"children":null},"WriteActionMask":{"count":12645,"self":0.023254499999999997,"total":0.023254499999999997,"children":null},"RequestDecision":{"count":12645,"self":0.080772299999999991,"total":0.1445429,"children":{"RayPerceptionSensor.Perceive":{"count":12645,"self":0.0637706,"total":0.0637706,"children":null}}}}},"DecideAction":{"count":1405,"self":0.048910499999999996,"total":0.048910499999999996,"children":null},"AgentAct":{"count":1405,"self":0.0727951,"total":0.0727951,"children":null},"RayPerceptionSensor.Perceive":{"count":36,"self":0.00098859999999999985,"total":0.00098859999999999985,"children":null}},"gauges":{"Park.CumulativeReward":{"count":36,"max":-1000.14667,"min":-1043.74573,"runningAverage":-1027.20093,"value":-1024.024,"weightedAverage":-1022.34375}},"metadata":{"timer_format_version":"0.1.0","start_time_seconds":"1701109968","unity_version":"2022.3.12f1","command_line_arguments":"C:\\Program Files\\Unity\\Hub\\Editor\\2022.3.12f1\\Editor\\Unity.exe -projectpath D:\\Work\\UNI\\RL\\PROJECT\\RL-Unity-Project -useHub -hubIPC -cloudEnvironment production -licensingIpc LicenseClient-Alex -hubSessionId 77116413-fbaa-4802-bf30-2324ed93b9d1 -accessToken vV1P0DtxakT7nYjOt2GskEyuoolVXc8UnFRuE2_ZiHY007f","communication_protocol_version":"1.5.0","com.unity.ml-agents_version":"2.0.1","scene_name":"Parking (a) Lot","end_time_seconds":"1701110003"}}