{"count":1,"self":627.4748416,"total":5242.8259944,"children":{"InitializeActuators":{"count":9,"self":0.0020103,"total":0.0020103,"children":null},"InitializeSensors":{"count":9,"self":0.0019973,"total":0.0019973,"children":null},"AgentSendState":{"count":444517,"self":542.9907968,"total":618.6967711,"children":{"CollectObservations":{"count":4000653,"self":6.4138535999999995,"total":6.4138535,"children":null},"WriteActionMask":{"count":4000653,"self":2.8781356,"total":2.8781357,"children":null},"RequestDecision":{"count":4000653,"self":10.7842752,"total":66.4140098,"children":{"AgentInfo.ToProto":{"count":4000653,"self":9.4335487999999987,"total":55.629735,"children":{"GenerateSensorData":{"count":4000653,"self":34.2706336,"total":46.1961862,"children":{"RayPerceptionSensor.Perceive":{"count":4000653,"self":11.925552,"total":11.9255517,"children":null}}}}}}}}},"DecideAction":{"count":444517,"self":3983.3505791999996,"total":3983.3506287,"children":null},"AgentAct":{"count":444517,"self":12.9724728,"total":12.980483999999999,"children":{"AgentInfo.ToProto":{"count":659,"self":0.0020047,"total":0.008010999999999999,"children":{"GenerateSensorData":{"count":659,"self":0.0050066999999999993,"total":0.0060063,"children":{"RayPerceptionSensor.Perceive":{"count":659,"self":0.0009996,"total":0.0009996,"children":null}}}}}}},"AgentInfo.ToProto":{"count":12809,"self":0.0709399,"total":0.3192646,"children":{"GenerateSensorData":{"count":12809,"self":0.1868456,"total":0.24832469999999998,"children":{"RayPerceptionSensor.Perceive":{"count":12809,"self":0.061479099999999995,"total":0.061479099999999995,"children":null}}}}}},"gauges":{"Park.CumulativeReward":{"count":13468,"max":11.0110664,"min":-2.18142366,"runningAverage":9.208728,"value":10.9942112,"weightedAverage":10.99569}},"metadata":{"timer_format_version":"0.1.0","start_time_seconds":"1701852930","unity_version":"2022.3.12f1","command_line_arguments":"D:\\Unity\\2022.3.12f1\\Editor\\Unity.exe -projectpath D:\\Unity\\RL-Unity-Project -useHub -hubIPC -cloudEnvironment production -licensingIpc LicenseClient-vajda -hubSessionId a920184d-82d0-4ce0-8f09-339727192557 -accessToken zYSgxlrzKDWC_6h4IS0CDm_ikRKoj-h2PzVk3r_Df-s007f","communication_protocol_version":"1.5.0","com.unity.ml-agents_version":"2.0.1","scene_name":"Parking (a) Lot","end_time_seconds":"1701858172"}}