{"count":1,"self":129.2110464,"total":521.7668189,"children":{"InitializeActuators":{"count":9,"self":0.0065213,"total":0.0065213,"children":null},"InitializeSensors":{"count":9,"self":0.0030264,"total":0.0030264,"children":null},"AgentSendState":{"count":33567,"self":43.831369599999995,"total":50.3056777,"children":{"CollectObservations":{"count":302103,"self":0.55054439999999993,"total":0.55054439999999993,"children":null},"WriteActionMask":{"count":302103,"self":0.22490839999999998,"total":0.22490839999999998,"children":null},"RequestDecision":{"count":302103,"self":0.94701589999999991,"total":5.6988541999999995,"children":{"AgentInfo.ToProto":{"count":302103,"self":0.7990102,"total":4.7518383,"children":{"GenerateSensorData":{"count":302103,"self":2.9035781999999997,"total":3.9528280999999996,"children":{"RayPerceptionSensor.Perceive":{"count":302103,"self":1.0492499,"total":1.0492499,"children":null}}}}}}}}},"DecideAction":{"count":33567,"self":341.1277056,"total":341.1277163,"children":null},"AgentAct":{"count":33567,"self":1.0987844,"total":1.1098181,"children":{"AgentInfo.ToProto":{"count":216,"self":0,"total":0.011033699999999999,"children":{"GenerateSensorData":{"count":216,"self":0.007519,"total":0.011033699999999999,"children":{"RayPerceptionSensor.Perceive":{"count":216,"self":0.0035147,"total":0.0035147,"children":null}}}}}}},"AgentInfo.ToProto":{"count":77,"self":0,"total":0.0030149,"children":{"GenerateSensorData":{"count":77,"self":0.0020043,"total":0.0030149,"children":{"RayPerceptionSensor.Perceive":{"count":77,"self":0.0010106,"total":0.0010106,"children":null}}}}}},"gauges":{"Park.CumulativeReward":{"count":293,"max":0.315865725,"min":-1.78321123,"runningAverage":-0.37250185,"value":-0.7965038,"weightedAverage":-0.398721665}},"metadata":{"timer_format_version":"0.1.0","start_time_seconds":"1701806959","unity_version":"2022.3.12f1","command_line_arguments":"D:\\Unity\\2022.3.12f1\\Editor\\Unity.exe -projectpath D:\\Unity\\RL-Unity-Project -useHub -hubIPC -cloudEnvironment production -licensingIpc LicenseClient-vajda -hubSessionId a920184d-82d0-4ce0-8f09-339727192557 -accessToken zYSgxlrzKDWC_6h4IS0CDm_ikRKoj-h2PzVk3r_Df-s007f","communication_protocol_version":"1.5.0","com.unity.ml-agents_version":"2.0.1","scene_name":"Parking (a) Lot","end_time_seconds":"1701807481"}}