{"count":1,"self":256.0451328,"total":2235.090025,"children":{"InitializeActuators":{"count":9,"self":0.0010016,"total":0.0010016,"children":null},"InitializeSensors":{"count":9,"self":0.0030058999999999997,"total":0.0030058999999999997,"children":null},"AgentSendState":{"count":179051,"self":224.4513792,"total":257.0025138,"children":{"CollectObservations":{"count":1611459,"self":2.8538052,"total":2.8538052,"children":null},"WriteActionMask":{"count":1611459,"self":1.3167642,"total":1.3167642,"children":null},"RequestDecision":{"count":1611459,"self":4.6133416,"total":28.3805774,"children":{"AgentInfo.ToProto":{"count":1611459,"self":3.9598144,"total":23.7672357,"children":{"GenerateSensorData":{"count":1611459,"self":14.6534176,"total":19.807421299999998,"children":{"RayPerceptionSensor.Perceive":{"count":1611459,"self":5.1540035999999994,"total":5.1540035,"children":null}}}}}}}}},"DecideAction":{"count":179051,"self":1716.9758207999998,"total":1716.9758640999999,"children":null},"AgentAct":{"count":179051,"self":5.02855,"total":5.0535841999999995,"children":{"AgentInfo.ToProto":{"count":1217,"self":0.0031103,"total":0.0250343,"children":{"GenerateSensorData":{"count":1217,"self":0.017166499999999998,"total":0.021924,"children":{"RayPerceptionSensor.Perceive":{"count":1217,"self":0.0047575,"total":0.0047575,"children":null}}}}}}},"AgentInfo.ToProto":{"count":379,"self":0.0009994,"total":0.0073964999999999994,"children":{"GenerateSensorData":{"count":379,"self":0.0058927,"total":0.0063970999999999993,"children":{"RayPerceptionSensor.Perceive":{"count":379,"self":0.0005044,"total":0.0005044,"children":null}}}}}},"gauges":{"Park.CumulativeReward":{"count":1596,"max":10.9,"min":-1.5999999,"runningAverage":0.6550128,"value":0.700000048,"weightedAverage":0.64438653}},"metadata":{"timer_format_version":"0.1.0","start_time_seconds":"1701790610","unity_version":"2022.3.12f1","command_line_arguments":"D:\\Unity\\2022.3.12f1\\Editor\\Unity.exe -projectpath D:\\Unity\\RL-Unity-Project -useHub -hubIPC -cloudEnvironment production -licensingIpc LicenseClient-vajda -hubSessionId a920184d-82d0-4ce0-8f09-339727192557 -accessToken zYSgxlrzKDWC_6h4IS0CDm_ikRKoj-h2PzVk3r_Df-s007f","communication_protocol_version":"1.5.0","com.unity.ml-agents_version":"2.0.1","scene_name":"Parking (a) Lot","end_time_seconds":"1701792845"}}